Cohort_Size,Neo4j_Time_sec,Snowflake_Time_sec,Patients_Found
100,4.135352849960327,1.4414899349212646,15
500,0.5898721218109131,0.8575828075408936,66
1000,0.16444826126098633,1.4262778759002686,127
5000,0.7824318408966064,5.982719659805298,642
