Cohort_Size,AntiPattern_Neo4j_sec,AntiPattern_Snowflake_sec,Aggregation_Neo4j_sec,Aggregation_Snowflake_sec
100,2.262389898300171,2.3901636600494385,0.16815614700317383,1.5523793697357178
500,0.10097050666809082,1.1252899169921875,0.0951387882232666,0.9393694400787354
1000,0.017260313034057617,0.6731202602386475,0.026586294174194336,1.1060707569122314
5000,0.12153959274291992,2.641923427581787,0.1743466854095459,3.0273730754852295
