Cohort_Size,Neo4j_Time_sec,Snowflake_Time_sec,Connections_Found
100,3.2362051010131836,0.6634948253631592,5
500,0.8732447624206543,0.21233797073364258,49
1000,0.06770014762878418,0.24077773094177246,102
5000,1.2065036296844482,0.7905442714691162,580
